{
  "Version": 1,
  "attributemap": {
    "sword/blade": {
      "sword/claymore": {
        "config": {
          "attributes": {
            "parent": "bettercombat:claymore"
          }
        }
      },
      "sword/katana_blade": {
        "config": {
          "attributes": {
            "parent": "bettercombat:katana_combo"
          }
        }
      },
      "sword/rapier_blade": {
        "config": {
          "attributes": {
            "parent": "bettercombat:rapier"
          }
        }
      },
      "sword/sickle": {
        "config": {
          "attributes": {
            "parent": "bettercombat:sickle"
          }
        }
      },
      "sword/cutlass_blade": {
        "config": {
          "attributes": {
            "parent": "bettercombat:custom_cutlass"
          }
        }
      },
      "sword/sabre_blade": {
        "config": {
          "attributes": {
            "parent": "bettercombat:sword"
          }
        }
      }
    }
  }
}